{"info":{"_postman_id":"ee68148e-9d04-4d7f-93b7-b21f5a4407fb","name":"SEB_REQUESTS","schema":"https://schema.getpostman.com/json/collection/v2.1.0/collection.json"},"item":[{"name":"autifikacija","id":"a9919b37-0d72-4bee-b308-3101e4dd3a69","protocolProfileBehavior":{"disableBodyPruning":true},"request":{"method":"GET","header":[{"key":"Accept","value":"text/html","type":"text"}],"url":{"raw":"https://api-sandbox.sebgroup.com/mga/sps/oauth/oauth20/authorize?response_type=code&redirect_uri={{redirect_uri}}&scope={{scope}}&client_id={{cliend_id}}","protocol":"https","host":["api-sandbox","sebgroup","com"],"path":["mga","sps","oauth","oauth20","authorize"],"query":[{"key":"response_type","value":"code"},{"key":"redirect_uri","value":"{{redirect_uri}}"},{"key":"scope","value":"{{scope}}"},{"key":"client_id","value":"{{cliend_id}}"}]}},"response":[]},{"name":"Autifikacija_post","id":"ec1e7f3e-ee4d-49ad-8b89-e5034c5cb9ae","protocolProfileBehavior":{"disableBodyPruning":true},"request":{"method":"POST","header":[{"key":"Accept","value":"text/html","type":"text"}],"body":{"mode":"urlencoded","urlencoded":[{"key":"grant_type","value":"authorization_code","type":"text"},{"key":"code","value":"feb8AKh8Ap5K0ZN3z7djmXwnWZ91pN","type":"text"},{"key":"scope","value":"{{scope}}","type":"text"},{"key":"client_id","value":"{{cliend_id}}","type":"text"},{"key":"client_secret","value":"{{client_secret}}","type":"text"},{"key":"redirect_uri","value":"{{redirect_uri}}","type":"text"}]},"url":{"raw":"https://api-sandbox.sebgroup.com/mga/sps/oauth/oauth20/token","protocol":"https","host":["api-sandbox","sebgroup","com"],"path":["mga","sps","oauth","oauth20","token"]}},"response":[]},{"name":"show_all_transactions","id":"1f9c165b-cb71-4e07-bddd-5a1b29db64bb","protocolProfileBehavior":{"disableBodyPruning":true},"request":{"auth":{"type":"bearer","bearer":[{"key":"token","value":"{{token}}","type":"string"},{"key":"password","value":"{{token}}","type":"string"}]},"method":"GET","header":[{"key":"Accept","value":"application/json","type":"text"},{"key":"Content-Type","value":"application/json","type":"text"}],"body":{"mode":"urlencoded","urlencoded":[]},"url":{"raw":"https://api-sandbox.sebgroup.com/ais/v1/identified2/branded-card-accounts/:accountId/transactions","protocol":"https","host":["api-sandbox","sebgroup","com"],"path":["ais","v1","identified2","branded-card-accounts",":accountId","transactions"],"query":[{"key":"dateFrom","value":"{{dateFrom}}","description":"optional but in documentation requered","disabled":true},{"key":"dateTo","value":"{{dateTo}}","description":"optional but in documentation requered","disabled":true},{"key":"bookingStatus","value":"{{bookingStatus}}","description":"optional but in documentation requered","disabled":true}],"variable":[{"key":"accountId","value":"{{accountId}}","description":"you can use any accountID it will still show all of them\nbut how to make just only one?\n"}]}},"response":[]}],"event":[{"listen":"prerequest","script":{"id":"1cf86f23-6650-46f4-a262-746dab72e457","type":"text/javascript","exec":[""]}},{"listen":"test","script":{"id":"182297a1-57b4-4c87-9938-61cffc1b2390","type":"text/javascript","exec":[""]}}],"variable":[{"id":"e9e8a041-24c9-4eee-bab9-b9e976fd0e43","key":"redirect_uri","value":"https://example.com/"},{"id":"ac60ae14-eb57-4b05-9cfe-0edee300300b","key":"scope","value":"psd2_accounts psd2_payments"},{"id":"0c88b8ca-ea93-47a7-b0a1-982d361f80a5","key":"cliend_id","value":"1lRpPVFcNNJiRM3mYd2z"},{"id":"682bda91-a37a-49d9-acd3-bb877cac8baf","key":"client_secret","value":"VEgtGle6ZT53ylOg4bgv"},{"id":"291d5d89-621b-4ba9-a0a0-065de368cae0","key":"token","value":"3rcgeJnh6ul338YIvLcx"},{"id":"fa338a36-d483-4bfd-82eb-79d7b9cd6aca","key":"accountId","value":"1212121212121212121212121212121212121"},{"id":"ddaaf0f6-c7b7-45b0-a383-552a46e85128","key":"dateFrom","value":"2019-07-26"},{"id":"e9d983ff-c81f-40e0-ad92-33b4dce2fa76","key":"bookingStatus","value":"false"},{"id":"7e115a0d-bf73-4490-8955-0defb7fc9530","key":"dateTo","value":"2019-07-26"}]}